fecha_hora,BANCO BISA,BANCO BISA,BANCO BISA,BANCO BISA,BANCO BISA,BANCO BISA,BANCO DE CRÉDITO,BANCO DE CRÉDITO,BANCO DE CRÉDITO,BANCO DE CRÉDITO,BANCO DE LA NACIÓN ARGENTINA,BANCO DE LA NACIÓN ARGENTINA,BANCO ECONÓMICO,BANCO ECONÓMICO,BANCO FIE,BANCO FIE,BANCO FIE,BANCO FORTALEZA,BANCO FORTALEZA,BANCO GANADERO,BANCO GANADERO,BANCO MERCANTIL SANTA CRUZ,BANCO MERCANTIL SANTA CRUZ,BANCO MERCANTIL SANTA CRUZ,BANCO MERCANTIL SANTA CRUZ,BANCO NACIONAL DE BOLIVIA,BANCO NACIONAL DE BOLIVIA,BANCO PRODEM,BANCO PRODEM,BANCO PYME DE LA COMUNIDAD,BANCO PYME DE LA COMUNIDAD,BANCO PYME ECOFUTURO,BANCO PYME ECOFUTURO,BANCO SOLIDARIO,BANCO SOLIDARIO,BANCO SOLIDARIO,BANCO UNION,BANCO UNION,IDEPRO IFD,IDEPRO IFD
,USD compra,USD venta,EUR compra,EUR venta,USDT compra,USDT venta,USD compra,USD venta,USDT compra,USDT venta,USD compra,USD venta,USD compra,USD venta,USD compra,USD venta,EUR oficial,USD compra,USD venta,USD venta,EUR oficial,USD compra,USD venta,EUR compra,EUR venta,USD compra,USD venta,USD compra,USD venta,USD compra,USD venta,USD compra,USD venta,USD compra,USD venta,EUR oficial,USD compra,USD venta,USD compra,USD venta
2026-09-29 13:59,11.32,12.32,12.099,14.078,11.15,12.20,11.52,12.32,11.92,12.25,11.520000,12.120000,11.42,12.37,11.52,12.02,13.66561,12.02,12.12,12.32,13.66561,10.77,12.32,13.6799,13.8313,11.02,12.32,11.72,12.12,11.62,12.12,11.02,12.42,10.82,12.32,13.66561,11.02,12.12,11.92,12.12
2026-09-29 14:24,,,,,,,,,,,,,,,,,,,,,,,,,,,,,,,,,,,,,,,,
2026-09-29 15:05,,,,,,,,,,,,,,,,,,,,,,,,,,,,,,,,,,,,,,,,
2026-09-29 16:05,,,,,,,,,,,,,,,,,,,,,,,,,,,,,,,,,,,,,,,,
2026-09-29 16:25,,,,,,,,,,,,,,,,,,,,,,,,,,,,,,,,,,,,,,,,
2026-09-29 17:18,,,,,,,,,,,,,,,,,,,,,,,,,,,,,,,,,,,,,,,,
2026-09-29 18:18,,,,,,,,,,,,,,,,,,,,,,,,,,,,,,,,,,,,,,,,
2026-09-29 18:37,,,,,,,,,,,,,,,,,,,,,,,,,,,,,,,,,,,,,,,,
2026-09-29 20:18,,,,,,,,,,,,,,,,,,,,,,,,,,,,,,,,,,,,,,,,
2026-09-29 21:18,,,,,,,,,,,,,,,,,,,,,,,,,,,,,,,,,,,,,,,,
